Token	Sentença
[CLS]	Como enfileirar elementos em uma fila?
Como	Como enfileirar elementos em uma fila?
enf	Como enfileirar elementos em uma fila?
##ile	Como enfileirar elementos em uma fila?
##ira	Como enfileirar elementos em uma fila?
##r	Como enfileirar elementos em uma fila?
elementos	Como enfileirar elementos em uma fila?
em	Como enfileirar elementos em uma fila?
uma	Como enfileirar elementos em uma fila?
fil	Como enfileirar elementos em uma fila?
##a	Como enfileirar elementos em uma fila?
?	Como enfileirar elementos em uma fila?
[SEP]	Como enfileirar elementos em uma fila?
[CLS]	Como desenfileirar elementos em uma fila?
Como	Como desenfileirar elementos em uma fila?
desen	Como desenfileirar elementos em uma fila?
##fil	Como desenfileirar elementos em uma fila?
##eira	Como desenfileirar elementos em uma fila?
##r	Como desenfileirar elementos em uma fila?
elementos	Como desenfileirar elementos em uma fila?
em	Como desenfileirar elementos em uma fila?
uma	Como desenfileirar elementos em uma fila?
fil	Como desenfileirar elementos em uma fila?
##a	Como desenfileirar elementos em uma fila?
?	Como desenfileirar elementos em uma fila?
[SEP]	Como desenfileirar elementos em uma fila?
[CLS]	Como empilhar elementos em uma pilha?
Como	Como empilhar elementos em uma pilha?
emp	Como empilhar elementos em uma pilha?
##ilha	Como empilhar elementos em uma pilha?
##r	Como empilhar elementos em uma pilha?
elementos	Como empilhar elementos em uma pilha?
em	Como empilhar elementos em uma pilha?
uma	Como empilhar elementos em uma pilha?
pilha	Como empilhar elementos em uma pilha?
?	Como empilhar elementos em uma pilha?
[SEP]	Como empilhar elementos em uma pilha?
[CLS]	Como empilhar e desempilhar elementos em uma pilha?
Como	Como empilhar e desempilhar elementos em uma pilha?
emp	Como empilhar e desempilhar elementos em uma pilha?
##ilha	Como empilhar e desempilhar elementos em uma pilha?
##r	Como empilhar e desempilhar elementos em uma pilha?
e	Como empilhar e desempilhar elementos em uma pilha?
desem	Como empilhar e desempilhar elementos em uma pilha?
##pi	Como empilhar e desempilhar elementos em uma pilha?
##l	Como empilhar e desempilhar elementos em uma pilha?
##har	Como empilhar e desempilhar elementos em uma pilha?
elementos	Como empilhar e desempilhar elementos em uma pilha?
em	Como empilhar e desempilhar elementos em uma pilha?
uma	Como empilhar e desempilhar elementos em uma pilha?
pilha	Como empilhar e desempilhar elementos em uma pilha?
?	Como empilhar e desempilhar elementos em uma pilha?
[SEP]	Como empilhar e desempilhar elementos em uma pilha?
[CLS]	Como empilhar elementos em uma estrutura de dados pilha?
Como	Como empilhar elementos em uma estrutura de dados pilha?
emp	Como empilhar elementos em uma estrutura de dados pilha?
##ilha	Como empilhar elementos em uma estrutura de dados pilha?
##r	Como empilhar elementos em uma estrutura de dados pilha?
elementos	Como empilhar elementos em uma estrutura de dados pilha?
em	Como empilhar elementos em uma estrutura de dados pilha?
uma	Como empilhar elementos em uma estrutura de dados pilha?
estrutura	Como empilhar elementos em uma estrutura de dados pilha?
de	Como empilhar elementos em uma estrutura de dados pilha?
dados	Como empilhar elementos em uma estrutura de dados pilha?
pilha	Como empilhar elementos em uma estrutura de dados pilha?
?	Como empilhar elementos em uma estrutura de dados pilha?
[SEP]	Como empilhar elementos em uma estrutura de dados pilha?
[CLS]	Como empilhar e desempilhar elementos em uma estrutura de dados pilha?
Como	Como empilhar e desempilhar elementos em uma estrutura de dados pilha?
emp	Como empilhar e desempilhar elementos em uma estrutura de dados pilha?
##ilha	Como empilhar e desempilhar elementos em uma estrutura de dados pilha?
##r	Como empilhar e desempilhar elementos em uma estrutura de dados pilha?
e	Como empilhar e desempilhar elementos em uma estrutura de dados pilha?
desem	Como empilhar e desempilhar elementos em uma estrutura de dados pilha?
##pi	Como empilhar e desempilhar elementos em uma estrutura de dados pilha?
##l	Como empilhar e desempilhar elementos em uma estrutura de dados pilha?
##har	Como empilhar e desempilhar elementos em uma estrutura de dados pilha?
elementos	Como empilhar e desempilhar elementos em uma estrutura de dados pilha?
em	Como empilhar e desempilhar elementos em uma estrutura de dados pilha?
uma	Como empilhar e desempilhar elementos em uma estrutura de dados pilha?
estrutura	Como empilhar e desempilhar elementos em uma estrutura de dados pilha?
de	Como empilhar e desempilhar elementos em uma estrutura de dados pilha?
dados	Como empilhar e desempilhar elementos em uma estrutura de dados pilha?
pilha	Como empilhar e desempilhar elementos em uma estrutura de dados pilha?
?	Como empilhar e desempilhar elementos em uma estrutura de dados pilha?
[SEP]	Como empilhar e desempilhar elementos em uma estrutura de dados pilha?
[CLS]	Como desempilhar elementos em uma pilha?
Como	Como desempilhar elementos em uma pilha?
desem	Como desempilhar elementos em uma pilha?
##pi	Como desempilhar elementos em uma pilha?
##l	Como desempilhar elementos em uma pilha?
##har	Como desempilhar elementos em uma pilha?
elementos	Como desempilhar elementos em uma pilha?
em	Como desempilhar elementos em uma pilha?
uma	Como desempilhar elementos em uma pilha?
pilha	Como desempilhar elementos em uma pilha?
?	Como desempilhar elementos em uma pilha?
[SEP]	Como desempilhar elementos em uma pilha?
[CLS]	Como desempilhar elementos em uma estrutura de dados pilha?
Como	Como desempilhar elementos em uma estrutura de dados pilha?
desem	Como desempilhar elementos em uma estrutura de dados pilha?
##pi	Como desempilhar elementos em uma estrutura de dados pilha?
##l	Como desempilhar elementos em uma estrutura de dados pilha?
##har	Como desempilhar elementos em uma estrutura de dados pilha?
elementos	Como desempilhar elementos em uma estrutura de dados pilha?
em	Como desempilhar elementos em uma estrutura de dados pilha?
uma	Como desempilhar elementos em uma estrutura de dados pilha?
estrutura	Como desempilhar elementos em uma estrutura de dados pilha?
de	Como desempilhar elementos em uma estrutura de dados pilha?
dados	Como desempilhar elementos em uma estrutura de dados pilha?
pilha	Como desempilhar elementos em uma estrutura de dados pilha?
?	Como desempilhar elementos em uma estrutura de dados pilha?
[SEP]	Como desempilhar elementos em uma estrutura de dados pilha?
[CLS]	O que é uma pilha e como empilhar seu elemento?
O	O que é uma pilha e como empilhar seu elemento?
que	O que é uma pilha e como empilhar seu elemento?
é	O que é uma pilha e como empilhar seu elemento?
uma	O que é uma pilha e como empilhar seu elemento?
pilha	O que é uma pilha e como empilhar seu elemento?
e	O que é uma pilha e como empilhar seu elemento?
como	O que é uma pilha e como empilhar seu elemento?
emp	O que é uma pilha e como empilhar seu elemento?
##ilha	O que é uma pilha e como empilhar seu elemento?
##r	O que é uma pilha e como empilhar seu elemento?
seu	O que é uma pilha e como empilhar seu elemento?
elemento	O que é uma pilha e como empilhar seu elemento?
?	O que é uma pilha e como empilhar seu elemento?
[SEP]	O que é uma pilha e como empilhar seu elemento?
[CLS]	O que é uma fila e como enfileirar seu elemento?
O	O que é uma fila e como enfileirar seu elemento?
que	O que é uma fila e como enfileirar seu elemento?
é	O que é uma fila e como enfileirar seu elemento?
uma	O que é uma fila e como enfileirar seu elemento?
fil	O que é uma fila e como enfileirar seu elemento?
##a	O que é uma fila e como enfileirar seu elemento?
e	O que é uma fila e como enfileirar seu elemento?
como	O que é uma fila e como enfileirar seu elemento?
enf	O que é uma fila e como enfileirar seu elemento?
##ile	O que é uma fila e como enfileirar seu elemento?
##ira	O que é uma fila e como enfileirar seu elemento?
##r	O que é uma fila e como enfileirar seu elemento?
seu	O que é uma fila e como enfileirar seu elemento?
elemento	O que é uma fila e como enfileirar seu elemento?
?	O que é uma fila e como enfileirar seu elemento?
[SEP]	O que é uma fila e como enfileirar seu elemento?
[CLS]	O que é uma fila e como desenfileirar um elemento nela?
O	O que é uma fila e como desenfileirar um elemento nela?
que	O que é uma fila e como desenfileirar um elemento nela?
é	O que é uma fila e como desenfileirar um elemento nela?
uma	O que é uma fila e como desenfileirar um elemento nela?
fil	O que é uma fila e como desenfileirar um elemento nela?
##a	O que é uma fila e como desenfileirar um elemento nela?
e	O que é uma fila e como desenfileirar um elemento nela?
como	O que é uma fila e como desenfileirar um elemento nela?
desen	O que é uma fila e como desenfileirar um elemento nela?
##fil	O que é uma fila e como desenfileirar um elemento nela?
##eira	O que é uma fila e como desenfileirar um elemento nela?
##r	O que é uma fila e como desenfileirar um elemento nela?
um	O que é uma fila e como desenfileirar um elemento nela?
elemento	O que é uma fila e como desenfileirar um elemento nela?
nela	O que é uma fila e como desenfileirar um elemento nela?
?	O que é uma fila e como desenfileirar um elemento nela?
[SEP]	O que é uma fila e como desenfileirar um elemento nela?
[CLS]	O que é uma pilha e como desempilhar um elemento nela?
O	O que é uma pilha e como desempilhar um elemento nela?
que	O que é uma pilha e como desempilhar um elemento nela?
é	O que é uma pilha e como desempilhar um elemento nela?
uma	O que é uma pilha e como desempilhar um elemento nela?
pilha	O que é uma pilha e como desempilhar um elemento nela?
e	O que é uma pilha e como desempilhar um elemento nela?
como	O que é uma pilha e como desempilhar um elemento nela?
desem	O que é uma pilha e como desempilhar um elemento nela?
##pi	O que é uma pilha e como desempilhar um elemento nela?
##l	O que é uma pilha e como desempilhar um elemento nela?
##har	O que é uma pilha e como desempilhar um elemento nela?
um	O que é uma pilha e como desempilhar um elemento nela?
elemento	O que é uma pilha e como desempilhar um elemento nela?
nela	O que é uma pilha e como desempilhar um elemento nela?
?	O que é uma pilha e como desempilhar um elemento nela?
[SEP]	O que é uma pilha e como desempilhar um elemento nela?
[CLS]	O que é uma fila e como enfileirar um elemento nela?
O	O que é uma fila e como enfileirar um elemento nela?
que	O que é uma fila e como enfileirar um elemento nela?
é	O que é uma fila e como enfileirar um elemento nela?
uma	O que é uma fila e como enfileirar um elemento nela?
fil	O que é uma fila e como enfileirar um elemento nela?
##a	O que é uma fila e como enfileirar um elemento nela?
e	O que é uma fila e como enfileirar um elemento nela?
como	O que é uma fila e como enfileirar um elemento nela?
enf	O que é uma fila e como enfileirar um elemento nela?
##ile	O que é uma fila e como enfileirar um elemento nela?
##ira	O que é uma fila e como enfileirar um elemento nela?
##r	O que é uma fila e como enfileirar um elemento nela?
um	O que é uma fila e como enfileirar um elemento nela?
elemento	O que é uma fila e como enfileirar um elemento nela?
nela	O que é uma fila e como enfileirar um elemento nela?
?	O que é uma fila e como enfileirar um elemento nela?
[SEP]	O que é uma fila e como enfileirar um elemento nela?
[CLS]	O que é uma pilha e como empilhar um elemento nela?
O	O que é uma pilha e como empilhar um elemento nela?
que	O que é uma pilha e como empilhar um elemento nela?
é	O que é uma pilha e como empilhar um elemento nela?
uma	O que é uma pilha e como empilhar um elemento nela?
pilha	O que é uma pilha e como empilhar um elemento nela?
e	O que é uma pilha e como empilhar um elemento nela?
como	O que é uma pilha e como empilhar um elemento nela?
emp	O que é uma pilha e como empilhar um elemento nela?
##ilha	O que é uma pilha e como empilhar um elemento nela?
##r	O que é uma pilha e como empilhar um elemento nela?
um	O que é uma pilha e como empilhar um elemento nela?
elemento	O que é uma pilha e como empilhar um elemento nela?
nela	O que é uma pilha e como empilhar um elemento nela?
?	O que é uma pilha e como empilhar um elemento nela?
[SEP]	O que é uma pilha e como empilhar um elemento nela?
[CLS]	O que é uma pilha e como empilhar e desempilhar seus elementos?
O	O que é uma pilha e como empilhar e desempilhar seus elementos?
que	O que é uma pilha e como empilhar e desempilhar seus elementos?
é	O que é uma pilha e como empilhar e desempilhar seus elementos?
uma	O que é uma pilha e como empilhar e desempilhar seus elementos?
pilha	O que é uma pilha e como empilhar e desempilhar seus elementos?
e	O que é uma pilha e como empilhar e desempilhar seus elementos?
como	O que é uma pilha e como empilhar e desempilhar seus elementos?
emp	O que é uma pilha e como empilhar e desempilhar seus elementos?
##ilha	O que é uma pilha e como empilhar e desempilhar seus elementos?
##r	O que é uma pilha e como empilhar e desempilhar seus elementos?
e	O que é uma pilha e como empilhar e desempilhar seus elementos?
desem	O que é uma pilha e como empilhar e desempilhar seus elementos?
##pi	O que é uma pilha e como empilhar e desempilhar seus elementos?
##l	O que é uma pilha e como empilhar e desempilhar seus elementos?
##har	O que é uma pilha e como empilhar e desempilhar seus elementos?
seus	O que é uma pilha e como empilhar e desempilhar seus elementos?
elementos	O que é uma pilha e como empilhar e desempilhar seus elementos?
?	O que é uma pilha e como empilhar e desempilhar seus elementos?
[SEP]	O que é uma pilha e como empilhar e desempilhar seus elementos?
[CLS]	O que é uma fila e como enfileirar e desenfileirar seus elementos?
O	O que é uma fila e como enfileirar e desenfileirar seus elementos?
que	O que é uma fila e como enfileirar e desenfileirar seus elementos?
é	O que é uma fila e como enfileirar e desenfileirar seus elementos?
uma	O que é uma fila e como enfileirar e desenfileirar seus elementos?
fil	O que é uma fila e como enfileirar e desenfileirar seus elementos?
##a	O que é uma fila e como enfileirar e desenfileirar seus elementos?
e	O que é uma fila e como enfileirar e desenfileirar seus elementos?
como	O que é uma fila e como enfileirar e desenfileirar seus elementos?
enf	O que é uma fila e como enfileirar e desenfileirar seus elementos?
##ile	O que é uma fila e como enfileirar e desenfileirar seus elementos?
##ira	O que é uma fila e como enfileirar e desenfileirar seus elementos?
##r	O que é uma fila e como enfileirar e desenfileirar seus elementos?
e	O que é uma fila e como enfileirar e desenfileirar seus elementos?
desen	O que é uma fila e como enfileirar e desenfileirar seus elementos?
##fil	O que é uma fila e como enfileirar e desenfileirar seus elementos?
##eira	O que é uma fila e como enfileirar e desenfileirar seus elementos?
##r	O que é uma fila e como enfileirar e desenfileirar seus elementos?
seus	O que é uma fila e como enfileirar e desenfileirar seus elementos?
elementos	O que é uma fila e como enfileirar e desenfileirar seus elementos?
?	O que é uma fila e como enfileirar e desenfileirar seus elementos?
[SEP]	O que é uma fila e como enfileirar e desenfileirar seus elementos?
[CLS]	Como são implementadas as operações de empilhar e desempilhar elementos em uma pilha?
Como	Como são implementadas as operações de empilhar e desempilhar elementos em uma pilha?
são	Como são implementadas as operações de empilhar e desempilhar elementos em uma pilha?
imple	Como são implementadas as operações de empilhar e desempilhar elementos em uma pilha?
##mentadas	Como são implementadas as operações de empilhar e desempilhar elementos em uma pilha?
as	Como são implementadas as operações de empilhar e desempilhar elementos em uma pilha?
operações	Como são implementadas as operações de empilhar e desempilhar elementos em uma pilha?
de	Como são implementadas as operações de empilhar e desempilhar elementos em uma pilha?
emp	Como são implementadas as operações de empilhar e desempilhar elementos em uma pilha?
##ilha	Como são implementadas as operações de empilhar e desempilhar elementos em uma pilha?
##r	Como são implementadas as operações de empilhar e desempilhar elementos em uma pilha?
e	Como são implementadas as operações de empilhar e desempilhar elementos em uma pilha?
desem	Como são implementadas as operações de empilhar e desempilhar elementos em uma pilha?
##pi	Como são implementadas as operações de empilhar e desempilhar elementos em uma pilha?
##l	Como são implementadas as operações de empilhar e desempilhar elementos em uma pilha?
##har	Como são implementadas as operações de empilhar e desempilhar elementos em uma pilha?
elementos	Como são implementadas as operações de empilhar e desempilhar elementos em uma pilha?
em	Como são implementadas as operações de empilhar e desempilhar elementos em uma pilha?
uma	Como são implementadas as operações de empilhar e desempilhar elementos em uma pilha?
pilha	Como são implementadas as operações de empilhar e desempilhar elementos em uma pilha?
?	Como são implementadas as operações de empilhar e desempilhar elementos em uma pilha?
[SEP]	Como são implementadas as operações de empilhar e desempilhar elementos em uma pilha?
[CLS]	Como são implementadas as operações de enfileirar e desenfileirar elementos em uma fila?
Como	Como são implementadas as operações de enfileirar e desenfileirar elementos em uma fila?
são	Como são implementadas as operações de enfileirar e desenfileirar elementos em uma fila?
imple	Como são implementadas as operações de enfileirar e desenfileirar elementos em uma fila?
##mentadas	Como são implementadas as operações de enfileirar e desenfileirar elementos em uma fila?
as	Como são implementadas as operações de enfileirar e desenfileirar elementos em uma fila?
operações	Como são implementadas as operações de enfileirar e desenfileirar elementos em uma fila?
de	Como são implementadas as operações de enfileirar e desenfileirar elementos em uma fila?
enf	Como são implementadas as operações de enfileirar e desenfileirar elementos em uma fila?
##ile	Como são implementadas as operações de enfileirar e desenfileirar elementos em uma fila?
##ira	Como são implementadas as operações de enfileirar e desenfileirar elementos em uma fila?
##r	Como são implementadas as operações de enfileirar e desenfileirar elementos em uma fila?
e	Como são implementadas as operações de enfileirar e desenfileirar elementos em uma fila?
desen	Como são implementadas as operações de enfileirar e desenfileirar elementos em uma fila?
##fil	Como são implementadas as operações de enfileirar e desenfileirar elementos em uma fila?
##eira	Como são implementadas as operações de enfileirar e desenfileirar elementos em uma fila?
##r	Como são implementadas as operações de enfileirar e desenfileirar elementos em uma fila?
elementos	Como são implementadas as operações de enfileirar e desenfileirar elementos em uma fila?
em	Como são implementadas as operações de enfileirar e desenfileirar elementos em uma fila?
uma	Como são implementadas as operações de enfileirar e desenfileirar elementos em uma fila?
fil	Como são implementadas as operações de enfileirar e desenfileirar elementos em uma fila?
##a	Como são implementadas as operações de enfileirar e desenfileirar elementos em uma fila?
?	Como são implementadas as operações de enfileirar e desenfileirar elementos em uma fila?
[SEP]	Como são implementadas as operações de enfileirar e desenfileirar elementos em uma fila?
[CLS]	Em uma pilha a operação de empilhar ocorre em qual extremidade?
Em	Em uma pilha a operação de empilhar ocorre em qual extremidade?
uma	Em uma pilha a operação de empilhar ocorre em qual extremidade?
pilha	Em uma pilha a operação de empilhar ocorre em qual extremidade?
a	Em uma pilha a operação de empilhar ocorre em qual extremidade?
operação	Em uma pilha a operação de empilhar ocorre em qual extremidade?
de	Em uma pilha a operação de empilhar ocorre em qual extremidade?
emp	Em uma pilha a operação de empilhar ocorre em qual extremidade?
##ilha	Em uma pilha a operação de empilhar ocorre em qual extremidade?
##r	Em uma pilha a operação de empilhar ocorre em qual extremidade?
ocorre	Em uma pilha a operação de empilhar ocorre em qual extremidade?
em	Em uma pilha a operação de empilhar ocorre em qual extremidade?
qual	Em uma pilha a operação de empilhar ocorre em qual extremidade?
extremidade	Em uma pilha a operação de empilhar ocorre em qual extremidade?
?	Em uma pilha a operação de empilhar ocorre em qual extremidade?
[SEP]	Em uma pilha a operação de empilhar ocorre em qual extremidade?
[CLS]	Em uma fila a operação de enfileirar ocorre em qual extremidade?
Em	Em uma fila a operação de enfileirar ocorre em qual extremidade?
uma	Em uma fila a operação de enfileirar ocorre em qual extremidade?
fil	Em uma fila a operação de enfileirar ocorre em qual extremidade?
##a	Em uma fila a operação de enfileirar ocorre em qual extremidade?
a	Em uma fila a operação de enfileirar ocorre em qual extremidade?
operação	Em uma fila a operação de enfileirar ocorre em qual extremidade?
de	Em uma fila a operação de enfileirar ocorre em qual extremidade?
enf	Em uma fila a operação de enfileirar ocorre em qual extremidade?
##ile	Em uma fila a operação de enfileirar ocorre em qual extremidade?
##ira	Em uma fila a operação de enfileirar ocorre em qual extremidade?
##r	Em uma fila a operação de enfileirar ocorre em qual extremidade?
ocorre	Em uma fila a operação de enfileirar ocorre em qual extremidade?
em	Em uma fila a operação de enfileirar ocorre em qual extremidade?
qual	Em uma fila a operação de enfileirar ocorre em qual extremidade?
extremidade	Em uma fila a operação de enfileirar ocorre em qual extremidade?
?	Em uma fila a operação de enfileirar ocorre em qual extremidade?
[SEP]	Em uma fila a operação de enfileirar ocorre em qual extremidade?
