Token	Id	Origem	Sentence	Classe
[CLS]	1	1	Como enfileirar elementos em uma fila ?	1
Como	1	1	Como enfileirar elementos em uma fila ?	1
enf	1	1	Como enfileirar elementos em uma fila ?	1
##ile	1	1	Como enfileirar elementos em uma fila ?	1
##ira	1	1	Como enfileirar elementos em uma fila ?	1
##r	1	1	Como enfileirar elementos em uma fila ?	1
elementos	1	1	Como enfileirar elementos em uma fila ?	1
em	1	1	Como enfileirar elementos em uma fila ?	1
uma	1	1	Como enfileirar elementos em uma fila ?	1
fil	1	1	Como enfileirar elementos em uma fila ?	1
##a	1	1	Como enfileirar elementos em uma fila ?	1
?	1	1	Como enfileirar elementos em uma fila ?	1
[SEP]	1	1	Como enfileirar elementos em uma fila ?	1
[CLS]	1_pert_0	1	Como colocar elementos em uma fila ?	0
Como	1_pert_0	1	Como colocar elementos em uma fila ?	0
colocar	1_pert_0	1	Como colocar elementos em uma fila ?	0
elementos	1_pert_0	1	Como colocar elementos em uma fila ?	0
em	1_pert_0	1	Como colocar elementos em uma fila ?	0
uma	1_pert_0	1	Como colocar elementos em uma fila ?	0
fil	1_pert_0	1	Como colocar elementos em uma fila ?	0
##a	1_pert_0	1	Como colocar elementos em uma fila ?	0
?	1_pert_0	1	Como colocar elementos em uma fila ?	0
[SEP]	1_pert_0	1	Como colocar elementos em uma fila ?	0
[CLS]	2	2	Como desenfileirar elementos em uma fila ?	1
Como	2	2	Como desenfileirar elementos em uma fila ?	1
desen	2	2	Como desenfileirar elementos em uma fila ?	1
##fil	2	2	Como desenfileirar elementos em uma fila ?	1
##eira	2	2	Como desenfileirar elementos em uma fila ?	1
##r	2	2	Como desenfileirar elementos em uma fila ?	1
elementos	2	2	Como desenfileirar elementos em uma fila ?	1
em	2	2	Como desenfileirar elementos em uma fila ?	1
uma	2	2	Como desenfileirar elementos em uma fila ?	1
fil	2	2	Como desenfileirar elementos em uma fila ?	1
##a	2	2	Como desenfileirar elementos em uma fila ?	1
?	2	2	Como desenfileirar elementos em uma fila ?	1
[SEP]	2	2	Como desenfileirar elementos em uma fila ?	1
[CLS]	2_pert_0	2	Como colocar elementos em uma fila ?	0
Como	2_pert_0	2	Como colocar elementos em uma fila ?	0
colocar	2_pert_0	2	Como colocar elementos em uma fila ?	0
elementos	2_pert_0	2	Como colocar elementos em uma fila ?	0
em	2_pert_0	2	Como colocar elementos em uma fila ?	0
uma	2_pert_0	2	Como colocar elementos em uma fila ?	0
fil	2_pert_0	2	Como colocar elementos em uma fila ?	0
##a	2_pert_0	2	Como colocar elementos em uma fila ?	0
?	2_pert_0	2	Como colocar elementos em uma fila ?	0
[SEP]	2_pert_0	2	Como colocar elementos em uma fila ?	0
[CLS]	3	3	Como empilhar elementos em uma pilha ?	1
Como	3	3	Como empilhar elementos em uma pilha ?	1
emp	3	3	Como empilhar elementos em uma pilha ?	1
##ilha	3	3	Como empilhar elementos em uma pilha ?	1
##r	3	3	Como empilhar elementos em uma pilha ?	1
elementos	3	3	Como empilhar elementos em uma pilha ?	1
em	3	3	Como empilhar elementos em uma pilha ?	1
uma	3	3	Como empilhar elementos em uma pilha ?	1
pilha	3	3	Como empilhar elementos em uma pilha ?	1
?	3	3	Como empilhar elementos em uma pilha ?	1
[SEP]	3	3	Como empilhar elementos em uma pilha ?	1
[CLS]	3_pert_0	3	Como colocar elementos em uma pilha ?	0
Como	3_pert_0	3	Como colocar elementos em uma pilha ?	0
colocar	3_pert_0	3	Como colocar elementos em uma pilha ?	0
elementos	3_pert_0	3	Como colocar elementos em uma pilha ?	0
em	3_pert_0	3	Como colocar elementos em uma pilha ?	0
uma	3_pert_0	3	Como colocar elementos em uma pilha ?	0
pilha	3_pert_0	3	Como colocar elementos em uma pilha ?	0
?	3_pert_0	3	Como colocar elementos em uma pilha ?	0
[SEP]	3_pert_0	3	Como colocar elementos em uma pilha ?	0
[CLS]	4	4	Como empilhar e desempilhar elementos em uma pilha ?	1
Como	4	4	Como empilhar e desempilhar elementos em uma pilha ?	1
emp	4	4	Como empilhar e desempilhar elementos em uma pilha ?	1
##ilha	4	4	Como empilhar e desempilhar elementos em uma pilha ?	1
##r	4	4	Como empilhar e desempilhar elementos em uma pilha ?	1
e	4	4	Como empilhar e desempilhar elementos em uma pilha ?	1
desem	4	4	Como empilhar e desempilhar elementos em uma pilha ?	1
##pi	4	4	Como empilhar e desempilhar elementos em uma pilha ?	1
##l	4	4	Como empilhar e desempilhar elementos em uma pilha ?	1
##har	4	4	Como empilhar e desempilhar elementos em uma pilha ?	1
elementos	4	4	Como empilhar e desempilhar elementos em uma pilha ?	1
em	4	4	Como empilhar e desempilhar elementos em uma pilha ?	1
uma	4	4	Como empilhar e desempilhar elementos em uma pilha ?	1
pilha	4	4	Como empilhar e desempilhar elementos em uma pilha ?	1
?	4	4	Como empilhar e desempilhar elementos em uma pilha ?	1
[SEP]	4	4	Como empilhar e desempilhar elementos em uma pilha ?	1
[CLS]	4_pert_0	4	Como separar e desempilhar elementos em uma pilha ?	0
Como	4_pert_0	4	Como separar e desempilhar elementos em uma pilha ?	0
separar	4_pert_0	4	Como separar e desempilhar elementos em uma pilha ?	0
e	4_pert_0	4	Como separar e desempilhar elementos em uma pilha ?	0
desem	4_pert_0	4	Como separar e desempilhar elementos em uma pilha ?	0
##pi	4_pert_0	4	Como separar e desempilhar elementos em uma pilha ?	0
##l	4_pert_0	4	Como separar e desempilhar elementos em uma pilha ?	0
##har	4_pert_0	4	Como separar e desempilhar elementos em uma pilha ?	0
elementos	4_pert_0	4	Como separar e desempilhar elementos em uma pilha ?	0
em	4_pert_0	4	Como separar e desempilhar elementos em uma pilha ?	0
uma	4_pert_0	4	Como separar e desempilhar elementos em uma pilha ?	0
pilha	4_pert_0	4	Como separar e desempilhar elementos em uma pilha ?	0
?	4_pert_0	4	Como separar e desempilhar elementos em uma pilha ?	0
[SEP]	4_pert_0	4	Como separar e desempilhar elementos em uma pilha ?	0
[CLS]	5	5	Como empilhar elementos em uma estrutura de dados pilha ?	1
Como	5	5	Como empilhar elementos em uma estrutura de dados pilha ?	1
emp	5	5	Como empilhar elementos em uma estrutura de dados pilha ?	1
##ilha	5	5	Como empilhar elementos em uma estrutura de dados pilha ?	1
##r	5	5	Como empilhar elementos em uma estrutura de dados pilha ?	1
elementos	5	5	Como empilhar elementos em uma estrutura de dados pilha ?	1
em	5	5	Como empilhar elementos em uma estrutura de dados pilha ?	1
uma	5	5	Como empilhar elementos em uma estrutura de dados pilha ?	1
estrutura	5	5	Como empilhar elementos em uma estrutura de dados pilha ?	1
de	5	5	Como empilhar elementos em uma estrutura de dados pilha ?	1
dados	5	5	Como empilhar elementos em uma estrutura de dados pilha ?	1
pilha	5	5	Como empilhar elementos em uma estrutura de dados pilha ?	1
?	5	5	Como empilhar elementos em uma estrutura de dados pilha ?	1
[SEP]	5	5	Como empilhar elementos em uma estrutura de dados pilha ?	1
[CLS]	5_pert_0	5	Como identificar elementos em uma estrutura de dados pilha ?	0
Como	5_pert_0	5	Como identificar elementos em uma estrutura de dados pilha ?	0
identificar	5_pert_0	5	Como identificar elementos em uma estrutura de dados pilha ?	0
elementos	5_pert_0	5	Como identificar elementos em uma estrutura de dados pilha ?	0
em	5_pert_0	5	Como identificar elementos em uma estrutura de dados pilha ?	0
uma	5_pert_0	5	Como identificar elementos em uma estrutura de dados pilha ?	0
estrutura	5_pert_0	5	Como identificar elementos em uma estrutura de dados pilha ?	0
de	5_pert_0	5	Como identificar elementos em uma estrutura de dados pilha ?	0
dados	5_pert_0	5	Como identificar elementos em uma estrutura de dados pilha ?	0
pilha	5_pert_0	5	Como identificar elementos em uma estrutura de dados pilha ?	0
?	5_pert_0	5	Como identificar elementos em uma estrutura de dados pilha ?	0
[SEP]	5_pert_0	5	Como identificar elementos em uma estrutura de dados pilha ?	0
[CLS]	6	6	Como empilhar e desempilhar elementos em uma estrutura de dados pilha ?	1
Como	6	6	Como empilhar e desempilhar elementos em uma estrutura de dados pilha ?	1
emp	6	6	Como empilhar e desempilhar elementos em uma estrutura de dados pilha ?	1
##ilha	6	6	Como empilhar e desempilhar elementos em uma estrutura de dados pilha ?	1
##r	6	6	Como empilhar e desempilhar elementos em uma estrutura de dados pilha ?	1
e	6	6	Como empilhar e desempilhar elementos em uma estrutura de dados pilha ?	1
desem	6	6	Como empilhar e desempilhar elementos em uma estrutura de dados pilha ?	1
##pi	6	6	Como empilhar e desempilhar elementos em uma estrutura de dados pilha ?	1
##l	6	6	Como empilhar e desempilhar elementos em uma estrutura de dados pilha ?	1
##har	6	6	Como empilhar e desempilhar elementos em uma estrutura de dados pilha ?	1
elementos	6	6	Como empilhar e desempilhar elementos em uma estrutura de dados pilha ?	1
em	6	6	Como empilhar e desempilhar elementos em uma estrutura de dados pilha ?	1
uma	6	6	Como empilhar e desempilhar elementos em uma estrutura de dados pilha ?	1
estrutura	6	6	Como empilhar e desempilhar elementos em uma estrutura de dados pilha ?	1
de	6	6	Como empilhar e desempilhar elementos em uma estrutura de dados pilha ?	1
dados	6	6	Como empilhar e desempilhar elementos em uma estrutura de dados pilha ?	1
pilha	6	6	Como empilhar e desempilhar elementos em uma estrutura de dados pilha ?	1
?	6	6	Como empilhar e desempilhar elementos em uma estrutura de dados pilha ?	1
[SEP]	6	6	Como empilhar e desempilhar elementos em uma estrutura de dados pilha ?	1
[CLS]	6_pert_0	6	Como introduzir e desempilhar elementos em uma estrutura de dados pilha ?	0
Como	6_pert_0	6	Como introduzir e desempilhar elementos em uma estrutura de dados pilha ?	0
introduzir	6_pert_0	6	Como introduzir e desempilhar elementos em uma estrutura de dados pilha ?	0
e	6_pert_0	6	Como introduzir e desempilhar elementos em uma estrutura de dados pilha ?	0
desem	6_pert_0	6	Como introduzir e desempilhar elementos em uma estrutura de dados pilha ?	0
##pi	6_pert_0	6	Como introduzir e desempilhar elementos em uma estrutura de dados pilha ?	0
##l	6_pert_0	6	Como introduzir e desempilhar elementos em uma estrutura de dados pilha ?	0
##har	6_pert_0	6	Como introduzir e desempilhar elementos em uma estrutura de dados pilha ?	0
elementos	6_pert_0	6	Como introduzir e desempilhar elementos em uma estrutura de dados pilha ?	0
em	6_pert_0	6	Como introduzir e desempilhar elementos em uma estrutura de dados pilha ?	0
uma	6_pert_0	6	Como introduzir e desempilhar elementos em uma estrutura de dados pilha ?	0
estrutura	6_pert_0	6	Como introduzir e desempilhar elementos em uma estrutura de dados pilha ?	0
de	6_pert_0	6	Como introduzir e desempilhar elementos em uma estrutura de dados pilha ?	0
dados	6_pert_0	6	Como introduzir e desempilhar elementos em uma estrutura de dados pilha ?	0
pilha	6_pert_0	6	Como introduzir e desempilhar elementos em uma estrutura de dados pilha ?	0
?	6_pert_0	6	Como introduzir e desempilhar elementos em uma estrutura de dados pilha ?	0
[SEP]	6_pert_0	6	Como introduzir e desempilhar elementos em uma estrutura de dados pilha ?	0
[CLS]	7	7	Como desempilhar elementos em uma pilha ?	1
Como	7	7	Como desempilhar elementos em uma pilha ?	1
desem	7	7	Como desempilhar elementos em uma pilha ?	1
##pi	7	7	Como desempilhar elementos em uma pilha ?	1
##l	7	7	Como desempilhar elementos em uma pilha ?	1
##har	7	7	Como desempilhar elementos em uma pilha ?	1
elementos	7	7	Como desempilhar elementos em uma pilha ?	1
em	7	7	Como desempilhar elementos em uma pilha ?	1
uma	7	7	Como desempilhar elementos em uma pilha ?	1
pilha	7	7	Como desempilhar elementos em uma pilha ?	1
?	7	7	Como desempilhar elementos em uma pilha ?	1
[SEP]	7	7	Como desempilhar elementos em uma pilha ?	1
[CLS]	7_pert_0	7	Como desempilhar água em uma pilha ?	0
Como	7_pert_0	7	Como desempilhar água em uma pilha ?	0
desem	7_pert_0	7	Como desempilhar água em uma pilha ?	0
##pi	7_pert_0	7	Como desempilhar água em uma pilha ?	0
##l	7_pert_0	7	Como desempilhar água em uma pilha ?	0
##har	7_pert_0	7	Como desempilhar água em uma pilha ?	0
água	7_pert_0	7	Como desempilhar água em uma pilha ?	0
em	7_pert_0	7	Como desempilhar água em uma pilha ?	0
uma	7_pert_0	7	Como desempilhar água em uma pilha ?	0
pilha	7_pert_0	7	Como desempilhar água em uma pilha ?	0
?	7_pert_0	7	Como desempilhar água em uma pilha ?	0
[SEP]	7_pert_0	7	Como desempilhar água em uma pilha ?	0
[CLS]	8	8	Como desempilhar elementos em uma estrutura de dados pilha ?	1
Como	8	8	Como desempilhar elementos em uma estrutura de dados pilha ?	1
desem	8	8	Como desempilhar elementos em uma estrutura de dados pilha ?	1
##pi	8	8	Como desempilhar elementos em uma estrutura de dados pilha ?	1
##l	8	8	Como desempilhar elementos em uma estrutura de dados pilha ?	1
##har	8	8	Como desempilhar elementos em uma estrutura de dados pilha ?	1
elementos	8	8	Como desempilhar elementos em uma estrutura de dados pilha ?	1
em	8	8	Como desempilhar elementos em uma estrutura de dados pilha ?	1
uma	8	8	Como desempilhar elementos em uma estrutura de dados pilha ?	1
estrutura	8	8	Como desempilhar elementos em uma estrutura de dados pilha ?	1
de	8	8	Como desempilhar elementos em uma estrutura de dados pilha ?	1
dados	8	8	Como desempilhar elementos em uma estrutura de dados pilha ?	1
pilha	8	8	Como desempilhar elementos em uma estrutura de dados pilha ?	1
?	8	8	Como desempilhar elementos em uma estrutura de dados pilha ?	1
[SEP]	8	8	Como desempilhar elementos em uma estrutura de dados pilha ?	1
[CLS]	8_pert_0	8	Como identificar elementos em uma estrutura de dados pilha ?	0
Como	8_pert_0	8	Como identificar elementos em uma estrutura de dados pilha ?	0
identificar	8_pert_0	8	Como identificar elementos em uma estrutura de dados pilha ?	0
elementos	8_pert_0	8	Como identificar elementos em uma estrutura de dados pilha ?	0
em	8_pert_0	8	Como identificar elementos em uma estrutura de dados pilha ?	0
uma	8_pert_0	8	Como identificar elementos em uma estrutura de dados pilha ?	0
estrutura	8_pert_0	8	Como identificar elementos em uma estrutura de dados pilha ?	0
de	8_pert_0	8	Como identificar elementos em uma estrutura de dados pilha ?	0
dados	8_pert_0	8	Como identificar elementos em uma estrutura de dados pilha ?	0
pilha	8_pert_0	8	Como identificar elementos em uma estrutura de dados pilha ?	0
?	8_pert_0	8	Como identificar elementos em uma estrutura de dados pilha ?	0
[SEP]	8_pert_0	8	Como identificar elementos em uma estrutura de dados pilha ?	0
[CLS]	9	9	O que é uma pilha e como empilhar seu elemento ?	1
O	9	9	O que é uma pilha e como empilhar seu elemento ?	1
que	9	9	O que é uma pilha e como empilhar seu elemento ?	1
é	9	9	O que é uma pilha e como empilhar seu elemento ?	1
uma	9	9	O que é uma pilha e como empilhar seu elemento ?	1
pilha	9	9	O que é uma pilha e como empilhar seu elemento ?	1
e	9	9	O que é uma pilha e como empilhar seu elemento ?	1
como	9	9	O que é uma pilha e como empilhar seu elemento ?	1
emp	9	9	O que é uma pilha e como empilhar seu elemento ?	1
##ilha	9	9	O que é uma pilha e como empilhar seu elemento ?	1
##r	9	9	O que é uma pilha e como empilhar seu elemento ?	1
seu	9	9	O que é uma pilha e como empilhar seu elemento ?	1
elemento	9	9	O que é uma pilha e como empilhar seu elemento ?	1
?	9	9	O que é uma pilha e como empilhar seu elemento ?	1
[SEP]	9	9	O que é uma pilha e como empilhar seu elemento ?	1
[CLS]	9_pert_0	9	O que é uma pilha e como identificar seu elemento ?	0
O	9_pert_0	9	O que é uma pilha e como identificar seu elemento ?	0
que	9_pert_0	9	O que é uma pilha e como identificar seu elemento ?	0
é	9_pert_0	9	O que é uma pilha e como identificar seu elemento ?	0
uma	9_pert_0	9	O que é uma pilha e como identificar seu elemento ?	0
pilha	9_pert_0	9	O que é uma pilha e como identificar seu elemento ?	0
e	9_pert_0	9	O que é uma pilha e como identificar seu elemento ?	0
como	9_pert_0	9	O que é uma pilha e como identificar seu elemento ?	0
identificar	9_pert_0	9	O que é uma pilha e como identificar seu elemento ?	0
seu	9_pert_0	9	O que é uma pilha e como identificar seu elemento ?	0
elemento	9_pert_0	9	O que é uma pilha e como identificar seu elemento ?	0
?	9_pert_0	9	O que é uma pilha e como identificar seu elemento ?	0
[SEP]	9_pert_0	9	O que é uma pilha e como identificar seu elemento ?	0
[CLS]	10	10	O que é uma fila e como enfileirar seu elemento ?	1
O	10	10	O que é uma fila e como enfileirar seu elemento ?	1
que	10	10	O que é uma fila e como enfileirar seu elemento ?	1
é	10	10	O que é uma fila e como enfileirar seu elemento ?	1
uma	10	10	O que é uma fila e como enfileirar seu elemento ?	1
fil	10	10	O que é uma fila e como enfileirar seu elemento ?	1
##a	10	10	O que é uma fila e como enfileirar seu elemento ?	1
e	10	10	O que é uma fila e como enfileirar seu elemento ?	1
como	10	10	O que é uma fila e como enfileirar seu elemento ?	1
enf	10	10	O que é uma fila e como enfileirar seu elemento ?	1
##ile	10	10	O que é uma fila e como enfileirar seu elemento ?	1
##ira	10	10	O que é uma fila e como enfileirar seu elemento ?	1
##r	10	10	O que é uma fila e como enfileirar seu elemento ?	1
seu	10	10	O que é uma fila e como enfileirar seu elemento ?	1
elemento	10	10	O que é uma fila e como enfileirar seu elemento ?	1
?	10	10	O que é uma fila e como enfileirar seu elemento ?	1
[SEP]	10	10	O que é uma fila e como enfileirar seu elemento ?	1
[CLS]	10_pert_0	10	O que é uma fila e como identificar seu elemento ?	0
O	10_pert_0	10	O que é uma fila e como identificar seu elemento ?	0
que	10_pert_0	10	O que é uma fila e como identificar seu elemento ?	0
é	10_pert_0	10	O que é uma fila e como identificar seu elemento ?	0
uma	10_pert_0	10	O que é uma fila e como identificar seu elemento ?	0
fil	10_pert_0	10	O que é uma fila e como identificar seu elemento ?	0
##a	10_pert_0	10	O que é uma fila e como identificar seu elemento ?	0
e	10_pert_0	10	O que é uma fila e como identificar seu elemento ?	0
como	10_pert_0	10	O que é uma fila e como identificar seu elemento ?	0
identificar	10_pert_0	10	O que é uma fila e como identificar seu elemento ?	0
seu	10_pert_0	10	O que é uma fila e como identificar seu elemento ?	0
elemento	10_pert_0	10	O que é uma fila e como identificar seu elemento ?	0
?	10_pert_0	10	O que é uma fila e como identificar seu elemento ?	0
[SEP]	10_pert_0	10	O que é uma fila e como identificar seu elemento ?	0
[CLS]	11	11	O que é uma fila e como desenfileirar um elemento nela ?	1
O	11	11	O que é uma fila e como desenfileirar um elemento nela ?	1
que	11	11	O que é uma fila e como desenfileirar um elemento nela ?	1
é	11	11	O que é uma fila e como desenfileirar um elemento nela ?	1
uma	11	11	O que é uma fila e como desenfileirar um elemento nela ?	1
fil	11	11	O que é uma fila e como desenfileirar um elemento nela ?	1
##a	11	11	O que é uma fila e como desenfileirar um elemento nela ?	1
e	11	11	O que é uma fila e como desenfileirar um elemento nela ?	1
como	11	11	O que é uma fila e como desenfileirar um elemento nela ?	1
desen	11	11	O que é uma fila e como desenfileirar um elemento nela ?	1
##fil	11	11	O que é uma fila e como desenfileirar um elemento nela ?	1
##eira	11	11	O que é uma fila e como desenfileirar um elemento nela ?	1
##r	11	11	O que é uma fila e como desenfileirar um elemento nela ?	1
um	11	11	O que é uma fila e como desenfileirar um elemento nela ?	1
elemento	11	11	O que é uma fila e como desenfileirar um elemento nela ?	1
nela	11	11	O que é uma fila e como desenfileirar um elemento nela ?	1
?	11	11	O que é uma fila e como desenfileirar um elemento nela ?	1
[SEP]	11	11	O que é uma fila e como desenfileirar um elemento nela ?	1
[CLS]	11_pert_0	11	O que é uma fila e como desenfileirar um carro nela ?	0
O	11_pert_0	11	O que é uma fila e como desenfileirar um carro nela ?	0
que	11_pert_0	11	O que é uma fila e como desenfileirar um carro nela ?	0
é	11_pert_0	11	O que é uma fila e como desenfileirar um carro nela ?	0
uma	11_pert_0	11	O que é uma fila e como desenfileirar um carro nela ?	0
fil	11_pert_0	11	O que é uma fila e como desenfileirar um carro nela ?	0
##a	11_pert_0	11	O que é uma fila e como desenfileirar um carro nela ?	0
e	11_pert_0	11	O que é uma fila e como desenfileirar um carro nela ?	0
como	11_pert_0	11	O que é uma fila e como desenfileirar um carro nela ?	0
desen	11_pert_0	11	O que é uma fila e como desenfileirar um carro nela ?	0
##fil	11_pert_0	11	O que é uma fila e como desenfileirar um carro nela ?	0
##eira	11_pert_0	11	O que é uma fila e como desenfileirar um carro nela ?	0
##r	11_pert_0	11	O que é uma fila e como desenfileirar um carro nela ?	0
um	11_pert_0	11	O que é uma fila e como desenfileirar um carro nela ?	0
carro	11_pert_0	11	O que é uma fila e como desenfileirar um carro nela ?	0
nela	11_pert_0	11	O que é uma fila e como desenfileirar um carro nela ?	0
?	11_pert_0	11	O que é uma fila e como desenfileirar um carro nela ?	0
[SEP]	11_pert_0	11	O que é uma fila e como desenfileirar um carro nela ?	0
[CLS]	12	12	O que é uma pilha e como desempilhar um elemento nela ?	1
O	12	12	O que é uma pilha e como desempilhar um elemento nela ?	1
que	12	12	O que é uma pilha e como desempilhar um elemento nela ?	1
é	12	12	O que é uma pilha e como desempilhar um elemento nela ?	1
uma	12	12	O que é uma pilha e como desempilhar um elemento nela ?	1
pilha	12	12	O que é uma pilha e como desempilhar um elemento nela ?	1
e	12	12	O que é uma pilha e como desempilhar um elemento nela ?	1
como	12	12	O que é uma pilha e como desempilhar um elemento nela ?	1
desem	12	12	O que é uma pilha e como desempilhar um elemento nela ?	1
##pi	12	12	O que é uma pilha e como desempilhar um elemento nela ?	1
##l	12	12	O que é uma pilha e como desempilhar um elemento nela ?	1
##har	12	12	O que é uma pilha e como desempilhar um elemento nela ?	1
um	12	12	O que é uma pilha e como desempilhar um elemento nela ?	1
elemento	12	12	O que é uma pilha e como desempilhar um elemento nela ?	1
nela	12	12	O que é uma pilha e como desempilhar um elemento nela ?	1
?	12	12	O que é uma pilha e como desempilhar um elemento nela ?	1
[SEP]	12	12	O que é uma pilha e como desempilhar um elemento nela ?	1
[CLS]	12_pert_0	12	O que é uma pilha e como colocar um elemento nela ?	0
O	12_pert_0	12	O que é uma pilha e como colocar um elemento nela ?	0
que	12_pert_0	12	O que é uma pilha e como colocar um elemento nela ?	0
é	12_pert_0	12	O que é uma pilha e como colocar um elemento nela ?	0
uma	12_pert_0	12	O que é uma pilha e como colocar um elemento nela ?	0
pilha	12_pert_0	12	O que é uma pilha e como colocar um elemento nela ?	0
e	12_pert_0	12	O que é uma pilha e como colocar um elemento nela ?	0
como	12_pert_0	12	O que é uma pilha e como colocar um elemento nela ?	0
colocar	12_pert_0	12	O que é uma pilha e como colocar um elemento nela ?	0
um	12_pert_0	12	O que é uma pilha e como colocar um elemento nela ?	0
elemento	12_pert_0	12	O que é uma pilha e como colocar um elemento nela ?	0
nela	12_pert_0	12	O que é uma pilha e como colocar um elemento nela ?	0
?	12_pert_0	12	O que é uma pilha e como colocar um elemento nela ?	0
[SEP]	12_pert_0	12	O que é uma pilha e como colocar um elemento nela ?	0
[CLS]	13	13	O que é uma fila e como enfileirar um elemento nela ?	1
O	13	13	O que é uma fila e como enfileirar um elemento nela ?	1
que	13	13	O que é uma fila e como enfileirar um elemento nela ?	1
é	13	13	O que é uma fila e como enfileirar um elemento nela ?	1
uma	13	13	O que é uma fila e como enfileirar um elemento nela ?	1
fil	13	13	O que é uma fila e como enfileirar um elemento nela ?	1
##a	13	13	O que é uma fila e como enfileirar um elemento nela ?	1
e	13	13	O que é uma fila e como enfileirar um elemento nela ?	1
como	13	13	O que é uma fila e como enfileirar um elemento nela ?	1
enf	13	13	O que é uma fila e como enfileirar um elemento nela ?	1
##ile	13	13	O que é uma fila e como enfileirar um elemento nela ?	1
##ira	13	13	O que é uma fila e como enfileirar um elemento nela ?	1
##r	13	13	O que é uma fila e como enfileirar um elemento nela ?	1
um	13	13	O que é uma fila e como enfileirar um elemento nela ?	1
elemento	13	13	O que é uma fila e como enfileirar um elemento nela ?	1
nela	13	13	O que é uma fila e como enfileirar um elemento nela ?	1
?	13	13	O que é uma fila e como enfileirar um elemento nela ?	1
[SEP]	13	13	O que é uma fila e como enfileirar um elemento nela ?	1
[CLS]	13_pert_0	13	O que é uma fila e como colocar um elemento nela ?	0
O	13_pert_0	13	O que é uma fila e como colocar um elemento nela ?	0
que	13_pert_0	13	O que é uma fila e como colocar um elemento nela ?	0
é	13_pert_0	13	O que é uma fila e como colocar um elemento nela ?	0
uma	13_pert_0	13	O que é uma fila e como colocar um elemento nela ?	0
fil	13_pert_0	13	O que é uma fila e como colocar um elemento nela ?	0
##a	13_pert_0	13	O que é uma fila e como colocar um elemento nela ?	0
e	13_pert_0	13	O que é uma fila e como colocar um elemento nela ?	0
como	13_pert_0	13	O que é uma fila e como colocar um elemento nela ?	0
colocar	13_pert_0	13	O que é uma fila e como colocar um elemento nela ?	0
um	13_pert_0	13	O que é uma fila e como colocar um elemento nela ?	0
elemento	13_pert_0	13	O que é uma fila e como colocar um elemento nela ?	0
nela	13_pert_0	13	O que é uma fila e como colocar um elemento nela ?	0
?	13_pert_0	13	O que é uma fila e como colocar um elemento nela ?	0
[SEP]	13_pert_0	13	O que é uma fila e como colocar um elemento nela ?	0
[CLS]	14	14	O que é uma pilha e como empilhar um elemento nela ?	1
O	14	14	O que é uma pilha e como empilhar um elemento nela ?	1
que	14	14	O que é uma pilha e como empilhar um elemento nela ?	1
é	14	14	O que é uma pilha e como empilhar um elemento nela ?	1
uma	14	14	O que é uma pilha e como empilhar um elemento nela ?	1
pilha	14	14	O que é uma pilha e como empilhar um elemento nela ?	1
e	14	14	O que é uma pilha e como empilhar um elemento nela ?	1
como	14	14	O que é uma pilha e como empilhar um elemento nela ?	1
emp	14	14	O que é uma pilha e como empilhar um elemento nela ?	1
##ilha	14	14	O que é uma pilha e como empilhar um elemento nela ?	1
##r	14	14	O que é uma pilha e como empilhar um elemento nela ?	1
um	14	14	O que é uma pilha e como empilhar um elemento nela ?	1
elemento	14	14	O que é uma pilha e como empilhar um elemento nela ?	1
nela	14	14	O que é uma pilha e como empilhar um elemento nela ?	1
?	14	14	O que é uma pilha e como empilhar um elemento nela ?	1
[SEP]	14	14	O que é uma pilha e como empilhar um elemento nela ?	1
[CLS]	14_pert_0	14	O que é uma pilha e como colocar um elemento nela ?	0
O	14_pert_0	14	O que é uma pilha e como colocar um elemento nela ?	0
que	14_pert_0	14	O que é uma pilha e como colocar um elemento nela ?	0
é	14_pert_0	14	O que é uma pilha e como colocar um elemento nela ?	0
uma	14_pert_0	14	O que é uma pilha e como colocar um elemento nela ?	0
pilha	14_pert_0	14	O que é uma pilha e como colocar um elemento nela ?	0
e	14_pert_0	14	O que é uma pilha e como colocar um elemento nela ?	0
como	14_pert_0	14	O que é uma pilha e como colocar um elemento nela ?	0
colocar	14_pert_0	14	O que é uma pilha e como colocar um elemento nela ?	0
um	14_pert_0	14	O que é uma pilha e como colocar um elemento nela ?	0
elemento	14_pert_0	14	O que é uma pilha e como colocar um elemento nela ?	0
nela	14_pert_0	14	O que é uma pilha e como colocar um elemento nela ?	0
?	14_pert_0	14	O que é uma pilha e como colocar um elemento nela ?	0
[SEP]	14_pert_0	14	O que é uma pilha e como colocar um elemento nela ?	0
[CLS]	15	15	O que é uma pilha e como empilhar e desempilhar seus elementos ?	1
O	15	15	O que é uma pilha e como empilhar e desempilhar seus elementos ?	1
que	15	15	O que é uma pilha e como empilhar e desempilhar seus elementos ?	1
é	15	15	O que é uma pilha e como empilhar e desempilhar seus elementos ?	1
uma	15	15	O que é uma pilha e como empilhar e desempilhar seus elementos ?	1
pilha	15	15	O que é uma pilha e como empilhar e desempilhar seus elementos ?	1
e	15	15	O que é uma pilha e como empilhar e desempilhar seus elementos ?	1
como	15	15	O que é uma pilha e como empilhar e desempilhar seus elementos ?	1
emp	15	15	O que é uma pilha e como empilhar e desempilhar seus elementos ?	1
##ilha	15	15	O que é uma pilha e como empilhar e desempilhar seus elementos ?	1
##r	15	15	O que é uma pilha e como empilhar e desempilhar seus elementos ?	1
e	15	15	O que é uma pilha e como empilhar e desempilhar seus elementos ?	1
desem	15	15	O que é uma pilha e como empilhar e desempilhar seus elementos ?	1
##pi	15	15	O que é uma pilha e como empilhar e desempilhar seus elementos ?	1
##l	15	15	O que é uma pilha e como empilhar e desempilhar seus elementos ?	1
##har	15	15	O que é uma pilha e como empilhar e desempilhar seus elementos ?	1
seus	15	15	O que é uma pilha e como empilhar e desempilhar seus elementos ?	1
elementos	15	15	O que é uma pilha e como empilhar e desempilhar seus elementos ?	1
?	15	15	O que é uma pilha e como empilhar e desempilhar seus elementos ?	1
[SEP]	15	15	O que é uma pilha e como empilhar e desempilhar seus elementos ?	1
[CLS]	15_pert_0	15	O que é uma pilha e como separar e desempilhar seus elementos ?	0
O	15_pert_0	15	O que é uma pilha e como separar e desempilhar seus elementos ?	0
que	15_pert_0	15	O que é uma pilha e como separar e desempilhar seus elementos ?	0
é	15_pert_0	15	O que é uma pilha e como separar e desempilhar seus elementos ?	0
uma	15_pert_0	15	O que é uma pilha e como separar e desempilhar seus elementos ?	0
pilha	15_pert_0	15	O que é uma pilha e como separar e desempilhar seus elementos ?	0
e	15_pert_0	15	O que é uma pilha e como separar e desempilhar seus elementos ?	0
como	15_pert_0	15	O que é uma pilha e como separar e desempilhar seus elementos ?	0
separar	15_pert_0	15	O que é uma pilha e como separar e desempilhar seus elementos ?	0
e	15_pert_0	15	O que é uma pilha e como separar e desempilhar seus elementos ?	0
desem	15_pert_0	15	O que é uma pilha e como separar e desempilhar seus elementos ?	0
##pi	15_pert_0	15	O que é uma pilha e como separar e desempilhar seus elementos ?	0
##l	15_pert_0	15	O que é uma pilha e como separar e desempilhar seus elementos ?	0
##har	15_pert_0	15	O que é uma pilha e como separar e desempilhar seus elementos ?	0
seus	15_pert_0	15	O que é uma pilha e como separar e desempilhar seus elementos ?	0
elementos	15_pert_0	15	O que é uma pilha e como separar e desempilhar seus elementos ?	0
?	15_pert_0	15	O que é uma pilha e como separar e desempilhar seus elementos ?	0
[SEP]	15_pert_0	15	O que é uma pilha e como separar e desempilhar seus elementos ?	0
[CLS]	16	16	O que é uma fila e como enfileirar e desenfileirar seus elementos ?	1
O	16	16	O que é uma fila e como enfileirar e desenfileirar seus elementos ?	1
que	16	16	O que é uma fila e como enfileirar e desenfileirar seus elementos ?	1
é	16	16	O que é uma fila e como enfileirar e desenfileirar seus elementos ?	1
uma	16	16	O que é uma fila e como enfileirar e desenfileirar seus elementos ?	1
fil	16	16	O que é uma fila e como enfileirar e desenfileirar seus elementos ?	1
##a	16	16	O que é uma fila e como enfileirar e desenfileirar seus elementos ?	1
e	16	16	O que é uma fila e como enfileirar e desenfileirar seus elementos ?	1
como	16	16	O que é uma fila e como enfileirar e desenfileirar seus elementos ?	1
enf	16	16	O que é uma fila e como enfileirar e desenfileirar seus elementos ?	1
##ile	16	16	O que é uma fila e como enfileirar e desenfileirar seus elementos ?	1
##ira	16	16	O que é uma fila e como enfileirar e desenfileirar seus elementos ?	1
##r	16	16	O que é uma fila e como enfileirar e desenfileirar seus elementos ?	1
e	16	16	O que é uma fila e como enfileirar e desenfileirar seus elementos ?	1
desen	16	16	O que é uma fila e como enfileirar e desenfileirar seus elementos ?	1
##fil	16	16	O que é uma fila e como enfileirar e desenfileirar seus elementos ?	1
##eira	16	16	O que é uma fila e como enfileirar e desenfileirar seus elementos ?	1
##r	16	16	O que é uma fila e como enfileirar e desenfileirar seus elementos ?	1
seus	16	16	O que é uma fila e como enfileirar e desenfileirar seus elementos ?	1
elementos	16	16	O que é uma fila e como enfileirar e desenfileirar seus elementos ?	1
?	16	16	O que é uma fila e como enfileirar e desenfileirar seus elementos ?	1
[SEP]	16	16	O que é uma fila e como enfileirar e desenfileirar seus elementos ?	1
[CLS]	16_pert_0	16	O que é uma fila e como organizar e desenfileirar seus elementos ?	0
O	16_pert_0	16	O que é uma fila e como organizar e desenfileirar seus elementos ?	0
que	16_pert_0	16	O que é uma fila e como organizar e desenfileirar seus elementos ?	0
é	16_pert_0	16	O que é uma fila e como organizar e desenfileirar seus elementos ?	0
uma	16_pert_0	16	O que é uma fila e como organizar e desenfileirar seus elementos ?	0
fil	16_pert_0	16	O que é uma fila e como organizar e desenfileirar seus elementos ?	0
##a	16_pert_0	16	O que é uma fila e como organizar e desenfileirar seus elementos ?	0
e	16_pert_0	16	O que é uma fila e como organizar e desenfileirar seus elementos ?	0
como	16_pert_0	16	O que é uma fila e como organizar e desenfileirar seus elementos ?	0
organizar	16_pert_0	16	O que é uma fila e como organizar e desenfileirar seus elementos ?	0
e	16_pert_0	16	O que é uma fila e como organizar e desenfileirar seus elementos ?	0
desen	16_pert_0	16	O que é uma fila e como organizar e desenfileirar seus elementos ?	0
##fil	16_pert_0	16	O que é uma fila e como organizar e desenfileirar seus elementos ?	0
##eira	16_pert_0	16	O que é uma fila e como organizar e desenfileirar seus elementos ?	0
##r	16_pert_0	16	O que é uma fila e como organizar e desenfileirar seus elementos ?	0
seus	16_pert_0	16	O que é uma fila e como organizar e desenfileirar seus elementos ?	0
elementos	16_pert_0	16	O que é uma fila e como organizar e desenfileirar seus elementos ?	0
?	16_pert_0	16	O que é uma fila e como organizar e desenfileirar seus elementos ?	0
[SEP]	16_pert_0	16	O que é uma fila e como organizar e desenfileirar seus elementos ?	0
[CLS]	17	17	Como são implementadas as operações de empilhar e desempilhar elementos em uma pilha ?	1
Como	17	17	Como são implementadas as operações de empilhar e desempilhar elementos em uma pilha ?	1
são	17	17	Como são implementadas as operações de empilhar e desempilhar elementos em uma pilha ?	1
imple	17	17	Como são implementadas as operações de empilhar e desempilhar elementos em uma pilha ?	1
##mentadas	17	17	Como são implementadas as operações de empilhar e desempilhar elementos em uma pilha ?	1
as	17	17	Como são implementadas as operações de empilhar e desempilhar elementos em uma pilha ?	1
operações	17	17	Como são implementadas as operações de empilhar e desempilhar elementos em uma pilha ?	1
de	17	17	Como são implementadas as operações de empilhar e desempilhar elementos em uma pilha ?	1
emp	17	17	Como são implementadas as operações de empilhar e desempilhar elementos em uma pilha ?	1
##ilha	17	17	Como são implementadas as operações de empilhar e desempilhar elementos em uma pilha ?	1
##r	17	17	Como são implementadas as operações de empilhar e desempilhar elementos em uma pilha ?	1
e	17	17	Como são implementadas as operações de empilhar e desempilhar elementos em uma pilha ?	1
desem	17	17	Como são implementadas as operações de empilhar e desempilhar elementos em uma pilha ?	1
##pi	17	17	Como são implementadas as operações de empilhar e desempilhar elementos em uma pilha ?	1
##l	17	17	Como são implementadas as operações de empilhar e desempilhar elementos em uma pilha ?	1
##har	17	17	Como são implementadas as operações de empilhar e desempilhar elementos em uma pilha ?	1
elementos	17	17	Como são implementadas as operações de empilhar e desempilhar elementos em uma pilha ?	1
em	17	17	Como são implementadas as operações de empilhar e desempilhar elementos em uma pilha ?	1
uma	17	17	Como são implementadas as operações de empilhar e desempilhar elementos em uma pilha ?	1
pilha	17	17	Como são implementadas as operações de empilhar e desempilhar elementos em uma pilha ?	1
?	17	17	Como são implementadas as operações de empilhar e desempilhar elementos em uma pilha ?	1
[SEP]	17	17	Como são implementadas as operações de empilhar e desempilhar elementos em uma pilha ?	1
[CLS]	17_pert_0	17	Como são implementadas as operações de introduzir e desempilhar elementos em uma pilha ?	0
Como	17_pert_0	17	Como são implementadas as operações de introduzir e desempilhar elementos em uma pilha ?	0
são	17_pert_0	17	Como são implementadas as operações de introduzir e desempilhar elementos em uma pilha ?	0
imple	17_pert_0	17	Como são implementadas as operações de introduzir e desempilhar elementos em uma pilha ?	0
##mentadas	17_pert_0	17	Como são implementadas as operações de introduzir e desempilhar elementos em uma pilha ?	0
as	17_pert_0	17	Como são implementadas as operações de introduzir e desempilhar elementos em uma pilha ?	0
operações	17_pert_0	17	Como são implementadas as operações de introduzir e desempilhar elementos em uma pilha ?	0
de	17_pert_0	17	Como são implementadas as operações de introduzir e desempilhar elementos em uma pilha ?	0
introduzir	17_pert_0	17	Como são implementadas as operações de introduzir e desempilhar elementos em uma pilha ?	0
e	17_pert_0	17	Como são implementadas as operações de introduzir e desempilhar elementos em uma pilha ?	0
desem	17_pert_0	17	Como são implementadas as operações de introduzir e desempilhar elementos em uma pilha ?	0
##pi	17_pert_0	17	Como são implementadas as operações de introduzir e desempilhar elementos em uma pilha ?	0
##l	17_pert_0	17	Como são implementadas as operações de introduzir e desempilhar elementos em uma pilha ?	0
##har	17_pert_0	17	Como são implementadas as operações de introduzir e desempilhar elementos em uma pilha ?	0
elementos	17_pert_0	17	Como são implementadas as operações de introduzir e desempilhar elementos em uma pilha ?	0
em	17_pert_0	17	Como são implementadas as operações de introduzir e desempilhar elementos em uma pilha ?	0
uma	17_pert_0	17	Como são implementadas as operações de introduzir e desempilhar elementos em uma pilha ?	0
pilha	17_pert_0	17	Como são implementadas as operações de introduzir e desempilhar elementos em uma pilha ?	0
?	17_pert_0	17	Como são implementadas as operações de introduzir e desempilhar elementos em uma pilha ?	0
[SEP]	17_pert_0	17	Como são implementadas as operações de introduzir e desempilhar elementos em uma pilha ?	0
[CLS]	18	18	Como são implementadas as operações de enfileirar e desenfileirar elementos em uma fila ?	1
Como	18	18	Como são implementadas as operações de enfileirar e desenfileirar elementos em uma fila ?	1
são	18	18	Como são implementadas as operações de enfileirar e desenfileirar elementos em uma fila ?	1
imple	18	18	Como são implementadas as operações de enfileirar e desenfileirar elementos em uma fila ?	1
##mentadas	18	18	Como são implementadas as operações de enfileirar e desenfileirar elementos em uma fila ?	1
as	18	18	Como são implementadas as operações de enfileirar e desenfileirar elementos em uma fila ?	1
operações	18	18	Como são implementadas as operações de enfileirar e desenfileirar elementos em uma fila ?	1
de	18	18	Como são implementadas as operações de enfileirar e desenfileirar elementos em uma fila ?	1
enf	18	18	Como são implementadas as operações de enfileirar e desenfileirar elementos em uma fila ?	1
##ile	18	18	Como são implementadas as operações de enfileirar e desenfileirar elementos em uma fila ?	1
##ira	18	18	Como são implementadas as operações de enfileirar e desenfileirar elementos em uma fila ?	1
##r	18	18	Como são implementadas as operações de enfileirar e desenfileirar elementos em uma fila ?	1
e	18	18	Como são implementadas as operações de enfileirar e desenfileirar elementos em uma fila ?	1
desen	18	18	Como são implementadas as operações de enfileirar e desenfileirar elementos em uma fila ?	1
##fil	18	18	Como são implementadas as operações de enfileirar e desenfileirar elementos em uma fila ?	1
##eira	18	18	Como são implementadas as operações de enfileirar e desenfileirar elementos em uma fila ?	1
##r	18	18	Como são implementadas as operações de enfileirar e desenfileirar elementos em uma fila ?	1
elementos	18	18	Como são implementadas as operações de enfileirar e desenfileirar elementos em uma fila ?	1
em	18	18	Como são implementadas as operações de enfileirar e desenfileirar elementos em uma fila ?	1
uma	18	18	Como são implementadas as operações de enfileirar e desenfileirar elementos em uma fila ?	1
fil	18	18	Como são implementadas as operações de enfileirar e desenfileirar elementos em uma fila ?	1
##a	18	18	Como são implementadas as operações de enfileirar e desenfileirar elementos em uma fila ?	1
?	18	18	Como são implementadas as operações de enfileirar e desenfileirar elementos em uma fila ?	1
[SEP]	18	18	Como são implementadas as operações de enfileirar e desenfileirar elementos em uma fila ?	1
[CLS]	18_pert_0	18	Como são feitas as operações de enfileirar e desenfileirar elementos em uma fila ?	0
Como	18_pert_0	18	Como são feitas as operações de enfileirar e desenfileirar elementos em uma fila ?	0
são	18_pert_0	18	Como são feitas as operações de enfileirar e desenfileirar elementos em uma fila ?	0
feitas	18_pert_0	18	Como são feitas as operações de enfileirar e desenfileirar elementos em uma fila ?	0
as	18_pert_0	18	Como são feitas as operações de enfileirar e desenfileirar elementos em uma fila ?	0
operações	18_pert_0	18	Como são feitas as operações de enfileirar e desenfileirar elementos em uma fila ?	0
de	18_pert_0	18	Como são feitas as operações de enfileirar e desenfileirar elementos em uma fila ?	0
enf	18_pert_0	18	Como são feitas as operações de enfileirar e desenfileirar elementos em uma fila ?	0
##ile	18_pert_0	18	Como são feitas as operações de enfileirar e desenfileirar elementos em uma fila ?	0
##ira	18_pert_0	18	Como são feitas as operações de enfileirar e desenfileirar elementos em uma fila ?	0
##r	18_pert_0	18	Como são feitas as operações de enfileirar e desenfileirar elementos em uma fila ?	0
e	18_pert_0	18	Como são feitas as operações de enfileirar e desenfileirar elementos em uma fila ?	0
desen	18_pert_0	18	Como são feitas as operações de enfileirar e desenfileirar elementos em uma fila ?	0
##fil	18_pert_0	18	Como são feitas as operações de enfileirar e desenfileirar elementos em uma fila ?	0
##eira	18_pert_0	18	Como são feitas as operações de enfileirar e desenfileirar elementos em uma fila ?	0
##r	18_pert_0	18	Como são feitas as operações de enfileirar e desenfileirar elementos em uma fila ?	0
elementos	18_pert_0	18	Como são feitas as operações de enfileirar e desenfileirar elementos em uma fila ?	0
em	18_pert_0	18	Como são feitas as operações de enfileirar e desenfileirar elementos em uma fila ?	0
uma	18_pert_0	18	Como são feitas as operações de enfileirar e desenfileirar elementos em uma fila ?	0
fil	18_pert_0	18	Como são feitas as operações de enfileirar e desenfileirar elementos em uma fila ?	0
##a	18_pert_0	18	Como são feitas as operações de enfileirar e desenfileirar elementos em uma fila ?	0
?	18_pert_0	18	Como são feitas as operações de enfileirar e desenfileirar elementos em uma fila ?	0
[SEP]	18_pert_0	18	Como são feitas as operações de enfileirar e desenfileirar elementos em uma fila ?	0
[CLS]	19	19	Em uma pilha a operação de empilhar ocorre em qual extremidade ?	1
Em	19	19	Em uma pilha a operação de empilhar ocorre em qual extremidade ?	1
uma	19	19	Em uma pilha a operação de empilhar ocorre em qual extremidade ?	1
pilha	19	19	Em uma pilha a operação de empilhar ocorre em qual extremidade ?	1
a	19	19	Em uma pilha a operação de empilhar ocorre em qual extremidade ?	1
operação	19	19	Em uma pilha a operação de empilhar ocorre em qual extremidade ?	1
de	19	19	Em uma pilha a operação de empilhar ocorre em qual extremidade ?	1
emp	19	19	Em uma pilha a operação de empilhar ocorre em qual extremidade ?	1
##ilha	19	19	Em uma pilha a operação de empilhar ocorre em qual extremidade ?	1
##r	19	19	Em uma pilha a operação de empilhar ocorre em qual extremidade ?	1
ocorre	19	19	Em uma pilha a operação de empilhar ocorre em qual extremidade ?	1
em	19	19	Em uma pilha a operação de empilhar ocorre em qual extremidade ?	1
qual	19	19	Em uma pilha a operação de empilhar ocorre em qual extremidade ?	1
extremidade	19	19	Em uma pilha a operação de empilhar ocorre em qual extremidade ?	1
?	19	19	Em uma pilha a operação de empilhar ocorre em qual extremidade ?	1
[SEP]	19	19	Em uma pilha a operação de empilhar ocorre em qual extremidade ?	1
[CLS]	19_pert_0	19	Em uma pilha a operação de empilhar ocorre em qual extremidade ?	0
Em	19_pert_0	19	Em uma pilha a operação de empilhar ocorre em qual extremidade ?	0
uma	19_pert_0	19	Em uma pilha a operação de empilhar ocorre em qual extremidade ?	0
pilha	19_pert_0	19	Em uma pilha a operação de empilhar ocorre em qual extremidade ?	0
a	19_pert_0	19	Em uma pilha a operação de empilhar ocorre em qual extremidade ?	0
operação	19_pert_0	19	Em uma pilha a operação de empilhar ocorre em qual extremidade ?	0
de	19_pert_0	19	Em uma pilha a operação de empilhar ocorre em qual extremidade ?	0
emp	19_pert_0	19	Em uma pilha a operação de empilhar ocorre em qual extremidade ?	0
##ilha	19_pert_0	19	Em uma pilha a operação de empilhar ocorre em qual extremidade ?	0
##r	19_pert_0	19	Em uma pilha a operação de empilhar ocorre em qual extremidade ?	0
ocorre	19_pert_0	19	Em uma pilha a operação de empilhar ocorre em qual extremidade ?	0
em	19_pert_0	19	Em uma pilha a operação de empilhar ocorre em qual extremidade ?	0
qual	19_pert_0	19	Em uma pilha a operação de empilhar ocorre em qual extremidade ?	0
extremidade	19_pert_0	19	Em uma pilha a operação de empilhar ocorre em qual extremidade ?	0
?	19_pert_0	19	Em uma pilha a operação de empilhar ocorre em qual extremidade ?	0
[SEP]	19_pert_0	19	Em uma pilha a operação de empilhar ocorre em qual extremidade ?	0
[CLS]	20	20	Em uma fila a operação de enfileirar ocorre em qual extremidade ?	1
Em	20	20	Em uma fila a operação de enfileirar ocorre em qual extremidade ?	1
uma	20	20	Em uma fila a operação de enfileirar ocorre em qual extremidade ?	1
fil	20	20	Em uma fila a operação de enfileirar ocorre em qual extremidade ?	1
##a	20	20	Em uma fila a operação de enfileirar ocorre em qual extremidade ?	1
a	20	20	Em uma fila a operação de enfileirar ocorre em qual extremidade ?	1
operação	20	20	Em uma fila a operação de enfileirar ocorre em qual extremidade ?	1
de	20	20	Em uma fila a operação de enfileirar ocorre em qual extremidade ?	1
enf	20	20	Em uma fila a operação de enfileirar ocorre em qual extremidade ?	1
##ile	20	20	Em uma fila a operação de enfileirar ocorre em qual extremidade ?	1
##ira	20	20	Em uma fila a operação de enfileirar ocorre em qual extremidade ?	1
##r	20	20	Em uma fila a operação de enfileirar ocorre em qual extremidade ?	1
ocorre	20	20	Em uma fila a operação de enfileirar ocorre em qual extremidade ?	1
em	20	20	Em uma fila a operação de enfileirar ocorre em qual extremidade ?	1
qual	20	20	Em uma fila a operação de enfileirar ocorre em qual extremidade ?	1
extremidade	20	20	Em uma fila a operação de enfileirar ocorre em qual extremidade ?	1
?	20	20	Em uma fila a operação de enfileirar ocorre em qual extremidade ?	1
[SEP]	20	20	Em uma fila a operação de enfileirar ocorre em qual extremidade ?	1
[CLS]	20_pert_0	20	Em uma fila a operação de entrada ocorre em qual extremidade ?	0
Em	20_pert_0	20	Em uma fila a operação de entrada ocorre em qual extremidade ?	0
uma	20_pert_0	20	Em uma fila a operação de entrada ocorre em qual extremidade ?	0
fil	20_pert_0	20	Em uma fila a operação de entrada ocorre em qual extremidade ?	0
##a	20_pert_0	20	Em uma fila a operação de entrada ocorre em qual extremidade ?	0
a	20_pert_0	20	Em uma fila a operação de entrada ocorre em qual extremidade ?	0
operação	20_pert_0	20	Em uma fila a operação de entrada ocorre em qual extremidade ?	0
de	20_pert_0	20	Em uma fila a operação de entrada ocorre em qual extremidade ?	0
entrada	20_pert_0	20	Em uma fila a operação de entrada ocorre em qual extremidade ?	0
ocorre	20_pert_0	20	Em uma fila a operação de entrada ocorre em qual extremidade ?	0
em	20_pert_0	20	Em uma fila a operação de entrada ocorre em qual extremidade ?	0
qual	20_pert_0	20	Em uma fila a operação de entrada ocorre em qual extremidade ?	0
extremidade	20_pert_0	20	Em uma fila a operação de entrada ocorre em qual extremidade ?	0
?	20_pert_0	20	Em uma fila a operação de entrada ocorre em qual extremidade ?	0
[SEP]	20_pert_0	20	Em uma fila a operação de entrada ocorre em qual extremidade ?	0
