Token	Sentence
Como	Como enfileirar elementos em uma fila?
enfileirar	Como enfileirar elementos em uma fila?
elementos	Como enfileirar elementos em uma fila?
em	Como enfileirar elementos em uma fila?
uma	Como enfileirar elementos em uma fila?
fila	Como enfileirar elementos em uma fila?
?	Como enfileirar elementos em uma fila?
Como	Como desenfileirar elementos em uma fila?
desenfileirar	Como desenfileirar elementos em uma fila?
elementos	Como desenfileirar elementos em uma fila?
em	Como desenfileirar elementos em uma fila?
uma	Como desenfileirar elementos em uma fila?
fila	Como desenfileirar elementos em uma fila?
?	Como desenfileirar elementos em uma fila?
Como	Como empilhar elementos em uma pilha?
empilhar	Como empilhar elementos em uma pilha?
elementos	Como empilhar elementos em uma pilha?
em	Como empilhar elementos em uma pilha?
uma	Como empilhar elementos em uma pilha?
pilha	Como empilhar elementos em uma pilha?
?	Como empilhar elementos em uma pilha?
Como	Como empilhar e desempilhar elementos em uma pilha?
empilhar	Como empilhar e desempilhar elementos em uma pilha?
e	Como empilhar e desempilhar elementos em uma pilha?
desempilhar	Como empilhar e desempilhar elementos em uma pilha?
elementos	Como empilhar e desempilhar elementos em uma pilha?
em	Como empilhar e desempilhar elementos em uma pilha?
uma	Como empilhar e desempilhar elementos em uma pilha?
pilha	Como empilhar e desempilhar elementos em uma pilha?
?	Como empilhar e desempilhar elementos em uma pilha?
Como	Como empilhar elementos em uma estrutura de dados pilha?
empilhar	Como empilhar elementos em uma estrutura de dados pilha?
elementos	Como empilhar elementos em uma estrutura de dados pilha?
em	Como empilhar elementos em uma estrutura de dados pilha?
uma	Como empilhar elementos em uma estrutura de dados pilha?
estrutura	Como empilhar elementos em uma estrutura de dados pilha?
de	Como empilhar elementos em uma estrutura de dados pilha?
dados	Como empilhar elementos em uma estrutura de dados pilha?
pilha	Como empilhar elementos em uma estrutura de dados pilha?
?	Como empilhar elementos em uma estrutura de dados pilha?
Como	Como empilhar e desempilhar elementos em uma estrutura de dados pilha?
empilhar	Como empilhar e desempilhar elementos em uma estrutura de dados pilha?
e	Como empilhar e desempilhar elementos em uma estrutura de dados pilha?
desempilhar	Como empilhar e desempilhar elementos em uma estrutura de dados pilha?
elementos	Como empilhar e desempilhar elementos em uma estrutura de dados pilha?
em	Como empilhar e desempilhar elementos em uma estrutura de dados pilha?
uma	Como empilhar e desempilhar elementos em uma estrutura de dados pilha?
estrutura	Como empilhar e desempilhar elementos em uma estrutura de dados pilha?
de	Como empilhar e desempilhar elementos em uma estrutura de dados pilha?
dados	Como empilhar e desempilhar elementos em uma estrutura de dados pilha?
pilha	Como empilhar e desempilhar elementos em uma estrutura de dados pilha?
?	Como empilhar e desempilhar elementos em uma estrutura de dados pilha?
Como	Como desempilhar elementos em uma pilha?
desempilhar	Como desempilhar elementos em uma pilha?
elementos	Como desempilhar elementos em uma pilha?
em	Como desempilhar elementos em uma pilha?
uma	Como desempilhar elementos em uma pilha?
pilha	Como desempilhar elementos em uma pilha?
?	Como desempilhar elementos em uma pilha?
Como	Como desempilhar elementos em uma estrutura de dados pilha?
desempilhar	Como desempilhar elementos em uma estrutura de dados pilha?
elementos	Como desempilhar elementos em uma estrutura de dados pilha?
em	Como desempilhar elementos em uma estrutura de dados pilha?
uma	Como desempilhar elementos em uma estrutura de dados pilha?
estrutura	Como desempilhar elementos em uma estrutura de dados pilha?
de	Como desempilhar elementos em uma estrutura de dados pilha?
dados	Como desempilhar elementos em uma estrutura de dados pilha?
pilha	Como desempilhar elementos em uma estrutura de dados pilha?
?	Como desempilhar elementos em uma estrutura de dados pilha?
O	O que é uma pilha e como empilhar seu elemento?
que	O que é uma pilha e como empilhar seu elemento?
é	O que é uma pilha e como empilhar seu elemento?
uma	O que é uma pilha e como empilhar seu elemento?
pilha	O que é uma pilha e como empilhar seu elemento?
e	O que é uma pilha e como empilhar seu elemento?
como	O que é uma pilha e como empilhar seu elemento?
empilhar	O que é uma pilha e como empilhar seu elemento?
seu	O que é uma pilha e como empilhar seu elemento?
elemento	O que é uma pilha e como empilhar seu elemento?
?	O que é uma pilha e como empilhar seu elemento?
O	O que é uma fila e como enfileirar seu elemento?
que	O que é uma fila e como enfileirar seu elemento?
é	O que é uma fila e como enfileirar seu elemento?
uma	O que é uma fila e como enfileirar seu elemento?
fila	O que é uma fila e como enfileirar seu elemento?
e	O que é uma fila e como enfileirar seu elemento?
como	O que é uma fila e como enfileirar seu elemento?
enfileirar	O que é uma fila e como enfileirar seu elemento?
seu	O que é uma fila e como enfileirar seu elemento?
elemento	O que é uma fila e como enfileirar seu elemento?
?	O que é uma fila e como enfileirar seu elemento?
O	O que é uma fila e como desenfileirar um elemento nela?
que	O que é uma fila e como desenfileirar um elemento nela?
é	O que é uma fila e como desenfileirar um elemento nela?
uma	O que é uma fila e como desenfileirar um elemento nela?
fila	O que é uma fila e como desenfileirar um elemento nela?
e	O que é uma fila e como desenfileirar um elemento nela?
como	O que é uma fila e como desenfileirar um elemento nela?
desenfileirar	O que é uma fila e como desenfileirar um elemento nela?
um	O que é uma fila e como desenfileirar um elemento nela?
elemento	O que é uma fila e como desenfileirar um elemento nela?
nela	O que é uma fila e como desenfileirar um elemento nela?
?	O que é uma fila e como desenfileirar um elemento nela?
O	O que é uma pilha e como desempilhar um elemento nela?
que	O que é uma pilha e como desempilhar um elemento nela?
é	O que é uma pilha e como desempilhar um elemento nela?
uma	O que é uma pilha e como desempilhar um elemento nela?
pilha	O que é uma pilha e como desempilhar um elemento nela?
e	O que é uma pilha e como desempilhar um elemento nela?
como	O que é uma pilha e como desempilhar um elemento nela?
desempilhar	O que é uma pilha e como desempilhar um elemento nela?
um	O que é uma pilha e como desempilhar um elemento nela?
elemento	O que é uma pilha e como desempilhar um elemento nela?
nela	O que é uma pilha e como desempilhar um elemento nela?
?	O que é uma pilha e como desempilhar um elemento nela?
O	O que é uma fila e como enfileirar um elemento nela?
que	O que é uma fila e como enfileirar um elemento nela?
é	O que é uma fila e como enfileirar um elemento nela?
uma	O que é uma fila e como enfileirar um elemento nela?
fila	O que é uma fila e como enfileirar um elemento nela?
e	O que é uma fila e como enfileirar um elemento nela?
como	O que é uma fila e como enfileirar um elemento nela?
enfileirar	O que é uma fila e como enfileirar um elemento nela?
um	O que é uma fila e como enfileirar um elemento nela?
elemento	O que é uma fila e como enfileirar um elemento nela?
nela	O que é uma fila e como enfileirar um elemento nela?
?	O que é uma fila e como enfileirar um elemento nela?
O	O que é uma pilha e como empilhar um elemento nela?
que	O que é uma pilha e como empilhar um elemento nela?
é	O que é uma pilha e como empilhar um elemento nela?
uma	O que é uma pilha e como empilhar um elemento nela?
pilha	O que é uma pilha e como empilhar um elemento nela?
e	O que é uma pilha e como empilhar um elemento nela?
como	O que é uma pilha e como empilhar um elemento nela?
empilhar	O que é uma pilha e como empilhar um elemento nela?
um	O que é uma pilha e como empilhar um elemento nela?
elemento	O que é uma pilha e como empilhar um elemento nela?
nela	O que é uma pilha e como empilhar um elemento nela?
?	O que é uma pilha e como empilhar um elemento nela?
O	O que é uma pilha e como empilhar e desempilhar seus elementos?
que	O que é uma pilha e como empilhar e desempilhar seus elementos?
é	O que é uma pilha e como empilhar e desempilhar seus elementos?
uma	O que é uma pilha e como empilhar e desempilhar seus elementos?
pilha	O que é uma pilha e como empilhar e desempilhar seus elementos?
e	O que é uma pilha e como empilhar e desempilhar seus elementos?
como	O que é uma pilha e como empilhar e desempilhar seus elementos?
empilhar	O que é uma pilha e como empilhar e desempilhar seus elementos?
e	O que é uma pilha e como empilhar e desempilhar seus elementos?
desempilhar	O que é uma pilha e como empilhar e desempilhar seus elementos?
seus	O que é uma pilha e como empilhar e desempilhar seus elementos?
elementos	O que é uma pilha e como empilhar e desempilhar seus elementos?
?	O que é uma pilha e como empilhar e desempilhar seus elementos?
O	O que é uma fila e como enfileirar e desenfileirar seus elementos?
que	O que é uma fila e como enfileirar e desenfileirar seus elementos?
é	O que é uma fila e como enfileirar e desenfileirar seus elementos?
uma	O que é uma fila e como enfileirar e desenfileirar seus elementos?
fila	O que é uma fila e como enfileirar e desenfileirar seus elementos?
e	O que é uma fila e como enfileirar e desenfileirar seus elementos?
como	O que é uma fila e como enfileirar e desenfileirar seus elementos?
enfileirar	O que é uma fila e como enfileirar e desenfileirar seus elementos?
e	O que é uma fila e como enfileirar e desenfileirar seus elementos?
desenfileirar	O que é uma fila e como enfileirar e desenfileirar seus elementos?
seus	O que é uma fila e como enfileirar e desenfileirar seus elementos?
elementos	O que é uma fila e como enfileirar e desenfileirar seus elementos?
?	O que é uma fila e como enfileirar e desenfileirar seus elementos?
Como	Como são implementadas as operações de empilhar e desempilhar elementos em uma pilha?
são	Como são implementadas as operações de empilhar e desempilhar elementos em uma pilha?
implementadas	Como são implementadas as operações de empilhar e desempilhar elementos em uma pilha?
as	Como são implementadas as operações de empilhar e desempilhar elementos em uma pilha?
operações	Como são implementadas as operações de empilhar e desempilhar elementos em uma pilha?
de	Como são implementadas as operações de empilhar e desempilhar elementos em uma pilha?
empilhar	Como são implementadas as operações de empilhar e desempilhar elementos em uma pilha?
e	Como são implementadas as operações de empilhar e desempilhar elementos em uma pilha?
desempilhar	Como são implementadas as operações de empilhar e desempilhar elementos em uma pilha?
elementos	Como são implementadas as operações de empilhar e desempilhar elementos em uma pilha?
em	Como são implementadas as operações de empilhar e desempilhar elementos em uma pilha?
uma	Como são implementadas as operações de empilhar e desempilhar elementos em uma pilha?
pilha	Como são implementadas as operações de empilhar e desempilhar elementos em uma pilha?
?	Como são implementadas as operações de empilhar e desempilhar elementos em uma pilha?
Como	Como são implementadas as operações de enfileirar e desenfileirar elementos em uma fila?
são	Como são implementadas as operações de enfileirar e desenfileirar elementos em uma fila?
implementadas	Como são implementadas as operações de enfileirar e desenfileirar elementos em uma fila?
as	Como são implementadas as operações de enfileirar e desenfileirar elementos em uma fila?
operações	Como são implementadas as operações de enfileirar e desenfileirar elementos em uma fila?
de	Como são implementadas as operações de enfileirar e desenfileirar elementos em uma fila?
enfileirar	Como são implementadas as operações de enfileirar e desenfileirar elementos em uma fila?
e	Como são implementadas as operações de enfileirar e desenfileirar elementos em uma fila?
desenfileirar	Como são implementadas as operações de enfileirar e desenfileirar elementos em uma fila?
elementos	Como são implementadas as operações de enfileirar e desenfileirar elementos em uma fila?
em	Como são implementadas as operações de enfileirar e desenfileirar elementos em uma fila?
uma	Como são implementadas as operações de enfileirar e desenfileirar elementos em uma fila?
fila	Como são implementadas as operações de enfileirar e desenfileirar elementos em uma fila?
?	Como são implementadas as operações de enfileirar e desenfileirar elementos em uma fila?
Em	Em uma pilha a operação de empilhar ocorre em qual extremidade?
uma	Em uma pilha a operação de empilhar ocorre em qual extremidade?
pilha	Em uma pilha a operação de empilhar ocorre em qual extremidade?
a	Em uma pilha a operação de empilhar ocorre em qual extremidade?
operação	Em uma pilha a operação de empilhar ocorre em qual extremidade?
de	Em uma pilha a operação de empilhar ocorre em qual extremidade?
empilhar	Em uma pilha a operação de empilhar ocorre em qual extremidade?
ocorre	Em uma pilha a operação de empilhar ocorre em qual extremidade?
em	Em uma pilha a operação de empilhar ocorre em qual extremidade?
qual	Em uma pilha a operação de empilhar ocorre em qual extremidade?
extremidade	Em uma pilha a operação de empilhar ocorre em qual extremidade?
?	Em uma pilha a operação de empilhar ocorre em qual extremidade?
Em	Em uma fila a operação de enfileirar ocorre em qual extremidade?
uma	Em uma fila a operação de enfileirar ocorre em qual extremidade?
fila	Em uma fila a operação de enfileirar ocorre em qual extremidade?
a	Em uma fila a operação de enfileirar ocorre em qual extremidade?
operação	Em uma fila a operação de enfileirar ocorre em qual extremidade?
de	Em uma fila a operação de enfileirar ocorre em qual extremidade?
enfileirar	Em uma fila a operação de enfileirar ocorre em qual extremidade?
ocorre	Em uma fila a operação de enfileirar ocorre em qual extremidade?
em	Em uma fila a operação de enfileirar ocorre em qual extremidade?
qual	Em uma fila a operação de enfileirar ocorre em qual extremidade?
extremidade	Em uma fila a operação de enfileirar ocorre em qual extremidade?
?	Em uma fila a operação de enfileirar ocorre em qual extremidade?
